Player,Pos,HT,WT,Birth Date,Class,Draft Status,YOS,Nationality
Deni Avdija,SG,6-8,210,"Jan 3, 2001",2001 DOB *,N/A,0,Israel
Brancou Badio,SF,6-3,,"Feb 17, 1999",1999 DOB *,N/A,0,Senegal
Darko Bajo,PF,6-10,214,"Mar 14, 1999",1999 DOB *,N/A,0,Croatia / Bosnia and Herzegovina
Marek Blazevic,C,6-11,240,"Sep 1, 2001",2001 DOB *,N/A,0,Lithuania
Adrian Bogucki,FC,7-1,240,"Nov 18, 1999",1999 DOB *,N/A,0,Poland
Leandro Bolmaro,SF,6-7,178,"Sep 11, 2000",2000 DOB *,N/A,0,Argentina
Caio De Souza Pacheco,PG,6-2,190,"Feb 22, 1999",1999 DOB *,N/A,0,Brazil
Henri Drell,SF,6-9,214,"Apr 25, 2000",2000 DOB *,N/A,0,Estonia
Imru Duke,FC,6-9,,"Jul 20, 1999",1999 DOB *,N/A,0,Trinidad and Tobago
Michele Ebeling,SG,6-9,200,"Jan 3, 1999",1999 DOB *,N/A,0,Italy
Paul Eboua,PF,6-8,197,"Feb 15, 2000",2000 DOB *,N/A,0,Cameroon
Osas Ehigitor,C,6-10,202,"Oct 30, 1999",1999 DOB *,N/A,0,Spain
Joel Ekamba-Ey'oombe,SG,6-5,,"Jan 17, 2001",2001 DOB *,N/A,0,Belgium / Democratic Republic of the Congo
Miguel Gonzalez,GF,6-6,204,"Mar 20, 1999",1999 DOB *,N/A,0,Spain
Killian Hayes,SG,6-5,215,"Jul 27, 2001",2001 DOB *,N/A,0,United States / France
Sehmus Hazer,SG,6-4,190,"Feb 15, 1999",1999 DOB *,N/A,0,Turkey
Rokas Jokubaitis,PG,6-4,182,"Nov 19, 2000",2000 DOB *,N/A,0,Lithuania
Giorgos Kalaitzakis,SF,6-7,205,"Jan 2, 1999",1999 DOB *,N/A,0,Greece
Vit Krejci,PG,6-8,195,"Jun 19, 2000",2000 DOB *,N/A,0,Czech Republic
Arturs Kurucs,SG,6-3,190,"Jan 19, 2000",2000 DOB *,N/A,0,Latvia
Yam Madar,PG,6-2,,"Dec 21, 2000",2000 DOB *,N/A,0,Israel
Theo Maledon,PG,6-3,170,"Jun 12, 2001",2001 DOB *,N/A,0,France
Karim Mane,PG,6-4,195,"May 16, 2000",2000 DOB *,N/A,0,Canada
Sergi Martinez,SF,6-7,220,"May 10, 1999",1999 DOB *,N/A,0,Spain
Nikola Miskovic,PF,6-10,220,"Jan 25, 1999",1999 DOB *,N/A,0,Serbia
Aristide Mouaha,PG,6-3,,"Aug 18, 2000",2000 DOB *,N/A,0,Cameroon
Joel Parra,PF,6-8,210,"Apr 4, 2000",2000 DOB *,N/A,0,Spain
Aleksej Pokusevski,C,7-0,201,"Dec 26, 2001",2001 DOB *,N/A,0,Serbia
Sander Raieste,SF,6-8,210,"Mar 31, 1999",1999 DOB *,N/A,0,Estonia
Nikos Rogavopoulos,SF,6-8,197,"Jun 27, 2001",2001 DOB *,N/A,0,Greece
Njegos Sikiras,PF,6-8,210,"Apr 11, 1999",1999 DOB *,N/A,0,Bosnia and Herzegovina
Marko Simonovic,C,6-11,220,"Oct 15, 1999",1999 DOB *,N/A,0,Montenegro
Mouhamed Thiam,FC,6-10,,"Oct 20, 2001",2001 DOB *,N/A,0,France
Aboubacar Traore,SG,6-4,,"Oct 4, 2001",2001 DOB *,N/A,0,Ivory Coast
Uros Trifunovic,SG,6-7,194,"Dec 5, 2000",2000 DOB *,N/A,0,Serbia
Arnas Velicka,PG,6-4,192,"Dec 10, 1999",1999 DOB *,N/A,0,Lithuania